{
	"generator_info": "Shape definitions generated with PhysicsEditor. Visit https://www.codeandweb.com/physicseditor",
	"block": {
		"type": "fromPhysicsEditor",
		"label": "block",
		"isStatic": true,
		"density": 0.1,
		"restitution": 0,
		"friction": 0.1,
		"frictionAir": 0.01,
		"frictionStatic": 0.5,
		"collisionFilter": {
			"group": 0,
			"category": 1,
			"mask": 255
		},
		"fixtures": [
			{
				"label": "",
				"isSensor": false,
				"vertices": [
					[ { "x":1051, "y":291 }, { "x":1053, "y":291 }, { "x":1053, "y":287 } ],
					[ { "x":1304, "y":652 }, { "x":1306, "y":652 }, { "x":1342, "y":455 }, { "x":1322, "y":466 }, { "x":1304, "y":650 } ],
					[ { "x":1299, "y":647 }, { "x":1301, "y":647 }, { "x":1322, "y":466 }, { "x":1299, "y":645 } ],
					[ { "x":2, "y":929 }, { "x":17, "y":933 }, { "x":28, "y":933 }, { "x":38, "y":930 }, { "x":49, "y":920 }, { "x":56, "y":906 }, { "x":58, "y":891 }, { "x":0, "y":916 } ],
					[ { "x":177, "y":462 }, { "x":175, "y":462 }, { "x":199, "y":595 }, { "x":204, "y":588 }, { "x":178, "y":464 } ],
					[ { "x":200, "y":477 }, { "x":198, "y":477 }, { "x":204, "y":588 }, { "x":201, "y":479 } ],
					[ { "x":72, "y":778 }, { "x":72, "y":776 }, { "x":33, "y":387 }, { "x":31, "y":385 }, { "x":70, "y":779 } ],
					[ { "x":1302, "y":650 }, { "x":1304, "y":650 }, { "x":1322, "y":466 }, { "x":1301, "y":647 } ],
					[ { "x":1343, "y":453 }, { "x":1342, "y":455 }, { "x":1316, "y":661 }, { "x":1328, "y":672 }, { "x":1336, "y":676 }, { "x":1377, "y":692 }, { "x":1346, "y":453 } ],
					[ { "x":1434, "y":404 }, { "x":1433, "y":406 }, { "x":1377, "y":692 }, { "x":1437, "y":404 } ],
					[ { "x":1452, "y":395 }, { "x":1451, "y":397 }, { "x":1377, "y":692 }, { "x":1383, "y":700 }, { "x":1455, "y":395 } ],
					[ { "x":1192, "y":282 }, { "x":1192, "y":280 }, { "x":1167, "y":272 }, { "x":1189, "y":283 } ],
					[ { "x":1052, "y":289 }, { "x":1053, "y":287 }, { "x":1050, "y":289 } ],
					[ { "x":522, "y":281 }, { "x":525, "y":281 }, { "x":1086, "y":228 }, { "x":520, "y":279 } ],
					[ { "x":44, "y":218 }, { "x":44, "y":215 }, { "x":0, "y":0 }, { "x":42, "y":220 } ],
					[ { "x":268, "y":523 }, { "x":260, "y":519 }, { "x":268, "y":539 } ],
					[ { "x":248, "y":509 }, { "x":244, "y":508 }, { "x":204, "y":588 }, { "x":233, "y":587 }, { "x":241, "y":585 }, { "x":263, "y":565 }, { "x":250, "y":512 } ],
					[ { "x":82, "y":764 }, { "x":83, "y":760 }, { "x":33, "y":387 }, { "x":79, "y":766 } ],
					[ { "x":1062, "y":282 }, { "x":1062, "y":272 }, { "x":1053, "y":287 }, { "x":1057, "y":286 } ],
					[ { "x":1453, "y":796 }, { "x":1456, "y":798 }, { "x":1478, "y":385 }, { "x":1453, "y":794 } ],
					[ { "x":1436, "y":773 }, { "x":1439, "y":775 }, { "x":1478, "y":385 }, { "x":1436, "y":771 } ],
					[ { "x":1433, "y":769 }, { "x":1436, "y":771 }, { "x":1478, "y":385 }, { "x":1433, "y":767 } ],
					[ { "x":1430, "y":765 }, { "x":1433, "y":767 }, { "x":1478, "y":385 }, { "x":1430, "y":763 } ],
					[ { "x":1427, "y":761 }, { "x":1430, "y":763 }, { "x":1478, "y":385 }, { "x":1427, "y":759 } ],
					[ { "x":1424, "y":757 }, { "x":1427, "y":759 }, { "x":1478, "y":385 }, { "x":1424, "y":755 } ],
					[ { "x":1421, "y":753 }, { "x":1424, "y":755 }, { "x":1478, "y":385 }, { "x":1421, "y":751 } ],
					[ { "x":1418, "y":749 }, { "x":1421, "y":751 }, { "x":1478, "y":385 }, { "x":1418, "y":747 } ],
					[ { "x":1415, "y":745 }, { "x":1418, "y":747 }, { "x":1478, "y":385 }, { "x":1415, "y":743 } ],
					[ { "x":1398, "y":722 }, { "x":1401, "y":724 }, { "x":1478, "y":385 }, { "x":1398, "y":720 } ],
					[ { "x":1395, "y":718 }, { "x":1398, "y":720 }, { "x":1478, "y":385 }, { "x":1395, "y":716 } ],
					[ { "x":1392, "y":714 }, { "x":1395, "y":716 }, { "x":1478, "y":385 }, { "x":1392, "y":712 } ],
					[ { "x":1389, "y":710 }, { "x":1392, "y":712 }, { "x":1478, "y":385 }, { "x":1389, "y":708 } ],
					[ { "x":1386, "y":706 }, { "x":1389, "y":708 }, { "x":1478, "y":385 }, { "x":1386, "y":704 } ],
					[ { "x":1383, "y":702 }, { "x":1386, "y":704 }, { "x":1478, "y":385 }, { "x":1455, "y":395 }, { "x":1383, "y":700 } ],
					[ { "x":1235, "y":514 }, { "x":1231, "y":524 }, { "x":1232, "y":558 }, { "x":1242, "y":511 } ],
					[ { "x":70, "y":400 }, { "x":67, "y":400 }, { "x":141, "y":677 }, { "x":146, "y":670 }, { "x":73, "y":403 } ],
					[ { "x":1342, "y":681 }, { "x":1346, "y":682 }, { "x":1341, "y":679 } ],
					[ { "x":1337, "y":678 }, { "x":1341, "y":679 }, { "x":1336, "y":676 } ],
					[ { "x":535, "y":288 }, { "x":539, "y":289 }, { "x":960, "y":298 }, { "x":534, "y":286 } ],
					[ { "x":135, "y":436 }, { "x":131, "y":435 }, { "x":167, "y":640 }, { "x":175, "y":631 }, { "x":177, "y":626 }, { "x":136, "y":438 } ],
					[ { "x":174, "y":460 }, { "x":170, "y":459 }, { "x":194, "y":602 }, { "x":199, "y":597 }, { "x":199, "y":595 }, { "x":175, "y":462 } ],
					[ { "x":197, "y":475 }, { "x":193, "y":474 }, { "x":204, "y":588 }, { "x":198, "y":477 } ],
					[ { "x":250, "y":512 }, { "x":263, "y":565 }, { "x":268, "y":539 }, { "x":260, "y":519 }, { "x":258, "y":516 } ],
					[ { "x":1258, "y":597 }, { "x":1262, "y":600 }, { "x":1289, "y":484 }, { "x":1268, "y":496 }, { "x":1258, "y":595 } ],
					[ { "x":61, "y":191 }, { "x":64, "y":187 }, { "x":0, "y":0 }, { "x":59, "y":191 } ],
					[ { "x":1255, "y":593 }, { "x":1258, "y":595 }, { "x":1268, "y":496 }, { "x":1253, "y":588 } ],
					[ { "x":202, "y":593 }, { "x":204, "y":588 }, { "x":199, "y":595 } ],
					[ { "x":192, "y":607 }, { "x":194, "y":602 }, { "x":170, "y":459 }, { "x":166, "y":455 }, { "x":156, "y":450 }, { "x":189, "y":609 } ],
					[ { "x":187, "y":614 }, { "x":189, "y":609 }, { "x":156, "y":450 }, { "x":155, "y":448 }, { "x":136, "y":438 }, { "x":184, "y":616 } ],
					[ { "x":144, "y":675 }, { "x":146, "y":670 }, { "x":141, "y":677 } ],
					[ { "x":86, "y":758 }, { "x":88, "y":753 }, { "x":33, "y":387 }, { "x":83, "y":760 } ],
					[ { "x":1246, "y":507 }, { "x":1242, "y":511 }, { "x":1232, "y":558 }, { "x":1237, "y":568 }, { "x":1240, "y":570 }, { "x":1252, "y":505 } ],
					[ { "x":1242, "y":189 }, { "x":1243, "y":187 }, { "x":1106, "y":221 }, { "x":1133, "y":222 }, { "x":1237, "y":191 } ],
					[ { "x":1284, "y":630 }, { "x":1289, "y":634 }, { "x":1322, "y":466 }, { "x":1298, "y":479 }, { "x":1284, "y":628 } ],
					[ { "x":113, "y":423 }, { "x":107, "y":421 }, { "x":153, "y":660 }, { "x":158, "y":655 }, { "x":158, "y":653 }, { "x":114, "y":425 } ],
					[ { "x":130, "y":433 }, { "x":124, "y":431 }, { "x":167, "y":640 }, { "x":131, "y":435 } ],
					[ { "x":1253, "y":503 }, { "x":1252, "y":505 }, { "x":1240, "y":570 }, { "x":1259, "y":501 } ],
					[ { "x":53, "y":200 }, { "x":53, "y":198 }, { "x":0, "y":0 }, { "x":49, "y":204 } ],
					[ { "x":58, "y":891 }, { "x":56, "y":807 }, { "x":0, "y":916 } ],
					[ { "x":80, "y":405 }, { "x":73, "y":403 }, { "x":146, "y":670 }, { "x":153, "y":660 }, { "x":81, "y":407 } ],
					[ { "x":1380, "y":698 }, { "x":1383, "y":700 }, { "x":1377, "y":692 } ],
					[ { "x":1265, "y":606 }, { "x":1268, "y":608 }, { "x":1298, "y":479 }, { "x":1289, "y":484 }, { "x":1262, "y":600 } ],
					[ { "x":320, "y":288 }, { "x":333, "y":294 }, { "x":348, "y":298 }, { "x":391, "y":291 }, { "x":409, "y":282 }, { "x":298, "y":237 }, { "x":300, "y":259 }, { "x":308, "y":275 } ],
					[ { "x":530, "y":285 }, { "x":534, "y":286 }, { "x":960, "y":298 }, { "x":1073, "y":240 }, { "x":1086, "y":228 }, { "x":525, "y":281 } ],
					[ { "x":59, "y":193 }, { "x":59, "y":191 }, { "x":0, "y":0 }, { "x":53, "y":198 } ],
					[ { "x":1514, "y":934 }, { "x":1520, "y":929 }, { "x":1458, "y":894 }, { "x":1462, "y":907 }, { "x":1469, "y":920 }, { "x":1481, "y":931 }, { "x":1491, "y":935 }, { "x":1508, "y":936 } ],
					[ { "x":1463, "y":198 }, { "x":1468, "y":203 }, { "x":1520, "y":0 }, { "x":1463, "y":196 } ],
					[ { "x":382, "y":298 }, { "x":391, "y":291 }, { "x":348, "y":298 } ],
					[ { "x":118, "y":426 }, { "x":114, "y":425 }, { "x":158, "y":653 }, { "x":161, "y":651 }, { "x":167, "y":640 }, { "x":124, "y":431 } ],
					[ { "x":71, "y":184 }, { "x":72, "y":182 }, { "x":0, "y":0 }, { "x":64, "y":187 } ],
					[ { "x":263, "y":565 }, { "x":241, "y":585 }, { "x":251, "y":580 }, { "x":260, "y":571 } ],
					[ { "x":1260, "y":499 }, { "x":1259, "y":501 }, { "x":1240, "y":570 }, { "x":1244, "y":578 }, { "x":1253, "y":588 }, { "x":1268, "y":496 } ],
					[ { "x":1290, "y":482 }, { "x":1289, "y":484 }, { "x":1298, "y":479 } ],
					[ { "x":1042, "y":292 }, { "x":1050, "y":289 }, { "x":1053, "y":287 }, { "x":1062, "y":272 }, { "x":1065, "y":258 }, { "x":1019, "y":295 } ],
					[ { "x":180, "y":624 }, { "x":184, "y":616 }, { "x":136, "y":438 }, { "x":177, "y":626 } ],
					[ { "x":125, "y":702 }, { "x":129, "y":694 }, { "x":33, "y":387 }, { "x":122, "y":704 } ],
					[ { "x":118, "y":712 }, { "x":122, "y":704 }, { "x":33, "y":387 }, { "x":115, "y":714 } ],
					[ { "x":75, "y":774 }, { "x":79, "y":766 }, { "x":33, "y":387 }, { "x":72, "y":776 } ],
					[ { "x":1167, "y":272 }, { "x":1170, "y":295 }, { "x":1173, "y":295 }, { "x":1184, "y":289 }, { "x":1189, "y":283 } ],
					[ { "x":1458, "y":894 }, { "x":1520, "y":929 }, { "x":1458, "y":804 }, { "x":1456, "y":818 }, { "x":1456, "y":880 } ],
					[ { "x":1346, "y":682 }, { "x":1347, "y":684 }, { "x":1366, "y":692 }, { "x":1377, "y":692 } ],
					[ { "x":292, "y":218 }, { "x":296, "y":234 }, { "x":298, "y":237 }, { "x":409, "y":282 }, { "x":437, "y":273 } ],
					[ { "x":226, "y":494 }, { "x":216, "y":489 }, { "x":204, "y":588 }, { "x":228, "y":497 } ],
					[ { "x":1162, "y":255 }, { "x":1167, "y":272 }, { "x":1192, "y":280 }, { "x":1200, "y":272 }, { "x":1208, "y":256 }, { "x":1214, "y":227 } ],
					[ { "x":1374, "y":436 }, { "x":1373, "y":438 }, { "x":1377, "y":692 }, { "x":1384, "y":432 } ],
					[ { "x":1385, "y":430 }, { "x":1384, "y":432 }, { "x":1377, "y":692 }, { "x":1395, "y":426 } ],
					[ { "x":137, "y":685 }, { "x":141, "y":677 }, { "x":67, "y":400 }, { "x":54, "y":393 }, { "x":33, "y":387 }, { "x":129, "y":694 } ],
					[ { "x":1465, "y":389 }, { "x":1455, "y":395 }, { "x":1478, "y":385 } ],
					[ { "x":1314, "y":661 }, { "x":1316, "y":661 }, { "x":1342, "y":455 }, { "x":1306, "y":652 } ],
					[ { "x":1162, "y":255 }, { "x":1214, "y":227 }, { "x":1223, "y":207 }, { "x":1151, "y":235 } ],
					[ { "x":1151, "y":235 }, { "x":1223, "y":207 }, { "x":1141, "y":226 } ],
					[ { "x":1133, "y":222 }, { "x":1141, "y":226 }, { "x":1223, "y":207 }, { "x":1237, "y":191 } ],
					[ { "x":153, "y":662 }, { "x":153, "y":660 }, { "x":146, "y":670 } ],
					[ { "x":109, "y":725 }, { "x":115, "y":714 }, { "x":33, "y":387 }, { "x":106, "y":727 } ],
					[ { "x":100, "y":738 }, { "x":106, "y":727 }, { "x":33, "y":387 }, { "x":97, "y":740 } ],
					[ { "x":91, "y":751 }, { "x":97, "y":740 }, { "x":33, "y":387 }, { "x":88, "y":753 } ],
					[ { "x":1438, "y":402 }, { "x":1437, "y":404 }, { "x":1377, "y":692 }, { "x":1451, "y":397 }, { "x":1448, "y":397 } ],
					[ { "x":1289, "y":636 }, { "x":1299, "y":645 }, { "x":1322, "y":466 }, { "x":1289, "y":634 } ],
					[ { "x":1396, "y":424 }, { "x":1395, "y":426 }, { "x":1377, "y":692 }, { "x":1410, "y":418 } ],
					[ { "x":517, "y":279 }, { "x":520, "y":279 }, { "x":1086, "y":228 }, { "x":506, "y":274 } ],
					[ { "x":242, "y":505 }, { "x":228, "y":497 }, { "x":204, "y":588 }, { "x":244, "y":508 } ],
					[ { "x":1274, "y":491 }, { "x":1268, "y":496 }, { "x":1289, "y":484 } ],
					[ { "x":201, "y":479 }, { "x":204, "y":588 }, { "x":216, "y":489 }, { "x":203, "y":479 } ],
					[ { "x":1441, "y":780 }, { "x":1453, "y":794 }, { "x":1478, "y":385 }, { "x":1439, "y":775 } ],
					[ { "x":1403, "y":729 }, { "x":1415, "y":743 }, { "x":1478, "y":385 }, { "x":1401, "y":724 } ],
					[ { "x":1073, "y":240 }, { "x":960, "y":298 }, { "x":1019, "y":295 }, { "x":1065, "y":258 } ],
					[ { "x":180, "y":464 }, { "x":178, "y":464 }, { "x":204, "y":588 }, { "x":193, "y":474 } ],
					[ { "x":1480, "y":360 }, { "x":1520, "y":929 }, { "x":1520, "y":0 }, { "x":1481, "y":275 } ],
					[ { "x":1323, "y":464 }, { "x":1322, "y":466 }, { "x":1342, "y":455 } ],
					[ { "x":70, "y":781 }, { "x":70, "y":779 }, { "x":31, "y":385 }, { "x":58, "y":797 } ],
					[ { "x":42, "y":224 }, { "x":42, "y":220 }, { "x":0, "y":0 }, { "x":36, "y":242 } ],
					[ { "x":1411, "y":416 }, { "x":1410, "y":418 }, { "x":1377, "y":692 }, { "x":1433, "y":406 } ],
					[ { "x":1268, "y":610 }, { "x":1284, "y":628 }, { "x":1298, "y":479 }, { "x":1268, "y":608 } ],
					[ { "x":1299, "y":477 }, { "x":1298, "y":479 }, { "x":1322, "y":466 } ],
					[ { "x":106, "y":419 }, { "x":81, "y":407 }, { "x":153, "y":660 }, { "x":107, "y":421 } ],
					[ { "x":292, "y":218 }, { "x":437, "y":273 }, { "x":451, "y":271 }, { "x":287, "y":208 } ],
					[ { "x":1347, "y":451 }, { "x":1346, "y":453 }, { "x":1377, "y":692 }, { "x":1373, "y":438 } ],
					[ { "x":451, "y":271 }, { "x":489, "y":271 }, { "x":272, "y":191 }, { "x":287, "y":208 } ],
					[ { "x":1346, "y":682 }, { "x":1377, "y":692 }, { "x":1336, "y":676 } ],
					[ { "x":56, "y":807 }, { "x":58, "y":797 }, { "x":31, "y":385 }, { "x":28, "y":379 }, { "x":0, "y":916 } ],
					[ { "x":539, "y":289 }, { "x":549, "y":298 }, { "x":960, "y":298 } ],
					[ { "x":1243, "y":187 }, { "x":1256, "y":181 }, { "x":1520, "y":0 }, { "x":0, "y":0 }, { "x":1106, "y":221 } ],
					[ { "x":489, "y":271 }, { "x":506, "y":274 }, { "x":1086, "y":228 }, { "x":1106, "y":221 }, { "x":0, "y":0 }, { "x":258, "y":183 }, { "x":272, "y":191 } ],
					[ { "x":1520, "y":929 }, { "x":1480, "y":360 }, { "x":1456, "y":798 }, { "x":1458, "y":804 } ],
					[ { "x":28, "y":379 }, { "x":25, "y":364 }, { "x":0, "y":916 } ],
					[ { "x":24, "y":336 }, { "x":0, "y":0 }, { "x":0, "y":916 }, { "x":25, "y":364 } ],
					[ { "x":1520, "y":0 }, { "x":1256, "y":181 }, { "x":1276, "y":177 } ],
					[ { "x":24, "y":336 }, { "x":29, "y":285 }, { "x":0, "y":0 } ],
					[ { "x":29, "y":285 }, { "x":36, "y":242 }, { "x":0, "y":0 } ],
					[ { "x":44, "y":215 }, { "x":49, "y":204 }, { "x":0, "y":0 } ],
					[ { "x":72, "y":182 }, { "x":89, "y":176 }, { "x":0, "y":0 } ],
					[ { "x":89, "y":176 }, { "x":155, "y":176 }, { "x":0, "y":0 } ],
					[ { "x":155, "y":176 }, { "x":231, "y":178 }, { "x":0, "y":0 } ],
					[ { "x":243, "y":179 }, { "x":0, "y":0 }, { "x":231, "y":178 } ],
					[ { "x":0, "y":0 }, { "x":243, "y":179 }, { "x":258, "y":183 } ],
					[ { "x":1276, "y":177 }, { "x":1389, "y":176 }, { "x":1520, "y":0 } ],
					[ { "x":1389, "y":176 }, { "x":1426, "y":179 }, { "x":1520, "y":0 } ],
					[ { "x":1426, "y":179 }, { "x":1448, "y":185 }, { "x":1520, "y":0 } ],
					[ { "x":1448, "y":185 }, { "x":1454, "y":188 }, { "x":1520, "y":0 } ],
					[ { "x":1454, "y":188 }, { "x":1463, "y":196 }, { "x":1520, "y":0 } ],
					[ { "x":1468, "y":203 }, { "x":1473, "y":213 }, { "x":1520, "y":0 } ],
					[ { "x":1473, "y":213 }, { "x":1478, "y":233 }, { "x":1520, "y":0 } ],
					[ { "x":1478, "y":233 }, { "x":1481, "y":275 }, { "x":1520, "y":0 } ]
				]
			}
		]
	},
	"plaza": {
		"type": "fromPhysicsEditor",
		"label": "plaza",
		"isStatic": true,
		"density": 0.1,
		"restitution": 0,
		"friction": 0.1,
		"frictionAir": 0.01,
		"frictionStatic": 0.5,
		"collisionFilter": {
			"group": 0,
			"category": 1,
			"mask": 255
		},
		"fixtures": [
			{
				"label": "",
				"isSensor": false,
				"vertices": [
					[ { "x":73, "y":590 }, { "x":173, "y":700 }, { "x":189, "y":682 }, { "x":189, "y":680 } ],
					[ { "x":232, "y":628 }, { "x":232, "y":590 }, { "x":73, "y":590 }, { "x":216, "y":646 } ],
					[ { "x":209, "y":657 }, { "x":209, "y":655 }, { "x":73, "y":590 }, { "x":205, "y":660 } ],
					[ { "x":205, "y":662 }, { "x":205, "y":660 }, { "x":73, "y":590 }, { "x":201, "y":665 } ],
					[ { "x":201, "y":667 }, { "x":201, "y":665 }, { "x":73, "y":590 }, { "x":197, "y":670 } ],
					[ { "x":197, "y":672 }, { "x":197, "y":670 }, { "x":73, "y":590 }, { "x":193, "y":675 } ],
					[ { "x":193, "y":677 }, { "x":193, "y":675 }, { "x":73, "y":590 }, { "x":189, "y":680 } ],
					[ { "x":166, "y":711 }, { "x":166, "y":709 }, { "x":73, "y":590 }, { "x":162, "y":714 } ],
					[ { "x":162, "y":716 }, { "x":162, "y":714 }, { "x":73, "y":590 }, { "x":158, "y":719 } ],
					[ { "x":158, "y":721 }, { "x":158, "y":719 }, { "x":73, "y":590 }, { "x":73, "y":751 }, { "x":154, "y":724 } ],
					[ { "x":154, "y":726 }, { "x":154, "y":724 }, { "x":73, "y":751 }, { "x":150, "y":729 } ],
					[ { "x":150, "y":731 }, { "x":150, "y":729 }, { "x":73, "y":751 }, { "x":146, "y":734 } ],
					[ { "x":146, "y":736 }, { "x":146, "y":734 }, { "x":73, "y":751 }, { "x":142, "y":739 } ],
					[ { "x":142, "y":741 }, { "x":142, "y":739 }, { "x":73, "y":751 }, { "x":138, "y":744 } ],
					[ { "x":213, "y":652 }, { "x":216, "y":646 }, { "x":73, "y":590 }, { "x":209, "y":655 } ],
					[ { "x":170, "y":706 }, { "x":173, "y":700 }, { "x":73, "y":590 }, { "x":166, "y":709 } ],
					[ { "x":134, "y":751 }, { "x":138, "y":744 }, { "x":73, "y":751 } ]
				]
			}
		]
	},
	"costume_trunk": {
		"type": "fromPhysicsEditor",
		"label": "costume_trunk",
		"isStatic": true,
		"density": 0.1,
		"restitution": 0,
		"friction": 0.1,
		"frictionAir": 0.01,
		"frictionStatic": 0.5,
		"collisionFilter": {
			"group": 0,
			"category": 1,
			"mask": 255
		},
		"fixtures": [
			{
				"label": "",
				"isSensor": false,
				"vertices": [
					[ { "x":1428, "y":564 }, { "x":1260, "y":641 }, { "x":1260, "y":643 }, { "x":1262, "y":644 } ],
					[ { "x":1312, "y":720 }, { "x":1314, "y":721 }, { "x":1428, "y":727 }, { "x":1312, "y":718 } ],
					[ { "x":1310, "y":717 }, { "x":1312, "y":718 }, { "x":1428, "y":727 }, { "x":1310, "y":715 } ],
					[ { "x":1308, "y":714 }, { "x":1310, "y":715 }, { "x":1428, "y":727 }, { "x":1308, "y":712 } ],
					[ { "x":1306, "y":711 }, { "x":1308, "y":712 }, { "x":1428, "y":727 }, { "x":1306, "y":709 } ],
					[ { "x":1291, "y":689 }, { "x":1293, "y":690 }, { "x":1291, "y":687 } ],
					[ { "x":1289, "y":686 }, { "x":1291, "y":687 }, { "x":1428, "y":564 }, { "x":1289, "y":684 } ],
					[ { "x":1287, "y":683 }, { "x":1289, "y":684 }, { "x":1428, "y":564 }, { "x":1287, "y":681 } ],
					[ { "x":1285, "y":680 }, { "x":1287, "y":681 }, { "x":1428, "y":564 }, { "x":1285, "y":678 } ],
					[ { "x":1270, "y":658 }, { "x":1272, "y":659 }, { "x":1270, "y":656 } ],
					[ { "x":1268, "y":655 }, { "x":1270, "y":656 }, { "x":1428, "y":564 }, { "x":1268, "y":653 } ],
					[ { "x":1266, "y":652 }, { "x":1268, "y":653 }, { "x":1428, "y":564 }, { "x":1266, "y":650 } ],
					[ { "x":1264, "y":649 }, { "x":1266, "y":650 }, { "x":1428, "y":564 }, { "x":1264, "y":647 } ],
					[ { "x":1262, "y":646 }, { "x":1264, "y":647 }, { "x":1428, "y":564 }, { "x":1262, "y":644 } ],
					[ { "x":1258, "y":640 }, { "x":1260, "y":641 }, { "x":1258, "y":638 } ],
					[ { "x":1256, "y":637 }, { "x":1258, "y":638 }, { "x":1256, "y":635 } ],
					[ { "x":1249, "y":627 }, { "x":1251, "y":628 }, { "x":1249, "y":625 } ],
					[ { "x":1314, "y":723 }, { "x":1317, "y":725 }, { "x":1428, "y":727 }, { "x":1314, "y":721 } ],
					[ { "x":1293, "y":692 }, { "x":1296, "y":694 }, { "x":1293, "y":690 } ],
					[ { "x":1272, "y":661 }, { "x":1275, "y":663 }, { "x":1272, "y":659 } ],
					[ { "x":1240, "y":564 }, { "x":1249, "y":625 }, { "x":1256, "y":635 }, { "x":1428, "y":564 } ],
					[ { "x":1251, "y":630 }, { "x":1256, "y":635 }, { "x":1251, "y":628 } ],
					[ { "x":1304, "y":708 }, { "x":1306, "y":709 }, { "x":1428, "y":727 }, { "x":1428, "y":564 }, { "x":1296, "y":694 } ],
					[ { "x":1283, "y":677 }, { "x":1285, "y":678 }, { "x":1428, "y":564 }, { "x":1275, "y":663 } ],
					[ { "x":1249, "y":625 }, { "x":1240, "y":564 }, { "x":1240, "y":613 } ],
					[ { "x":1293, "y":690 }, { "x":1296, "y":694 }, { "x":1428, "y":564 }, { "x":1291, "y":687 } ],
					[ { "x":1272, "y":659 }, { "x":1275, "y":663 }, { "x":1428, "y":564 }, { "x":1270, "y":656 } ],
					[ { "x":1317, "y":727 }, { "x":1428, "y":727 }, { "x":1317, "y":725 } ],
					[ { "x":1260, "y":641 }, { "x":1428, "y":564 }, { "x":1256, "y":635 } ]
				]
			}
		]
	}
}
