{
    "anims": [
        {
            "key": "sunToPuffle",
            "type": "frame",
            "frames": [
                {
                    "key": "stage",
                    "frame": "sun_puffle_0001",
                    "duration": 0,
                    "keyframe": false
                },
                {
                    "key": "stage",
                    "frame": "sun_puffle_0002",
                    "duration": 0,
                    "keyframe": false
                },
                {
                    "key": "stage",
                    "frame": "sun_puffle_0003",
                    "duration": 0,
                    "keyframe": false
                },
                {
                    "key": "stage",
                    "frame": "sun_puffle_0004",
                    "duration": 0,
                    "keyframe": false
                },
                {
                    "key": "stage",
                    "frame": "sun_puffle_0005",
                    "duration": 0,
                    "keyframe": false
                },
                {
                    "key": "stage",
                    "frame": "sun_puffle_0006",
                    "duration": 0,
                    "keyframe": false
                },
                {
                    "key": "stage",
                    "frame": "sun_puffle_0007",
                    "duration": 0,
                    "keyframe": false
                },
                {
                    "key": "stage",
                    "frame": "sun_puffle_0008",
                    "duration": 0,
                    "keyframe": false
                },
                {
                    "key": "stage",
                    "frame": "sun_puffle_0009",
                    "duration": 0,
                    "keyframe": false
                },
                {
                    "key": "stage",
                    "frame": "sun_puffle_0010",
                    "duration": 0,
                    "keyframe": false
                },
                {
                    "key": "stage",
                    "frame": "sun_puffle_0011",
                    "duration": 0,
                    "keyframe": false
                },
                {
                    "key": "stage",
                    "frame": "sun_puffle_0012",
                    "duration": 0,
                    "keyframe": false
                },
                {
                    "key": "stage",
                    "frame": "sun_puffle_0013",
                    "duration": 0,
                    "keyframe": false
                },
                {
                    "key": "stage",
                    "frame": "sun_puffle_0015",
                    "duration": 0,
                    "keyframe": false
                },
                {
                    "key": "stage",
                    "frame": "sun_puffle_0016",
                    "duration": 0,
                    "keyframe": false
                },
                {
                    "key": "stage",
                    "frame": "sun_puffle_0017",
                    "duration": 0,
                    "keyframe": false
                },
                {
                    "key": "stage",
                    "frame": "sun_puffle_0018",
                    "duration": 0,
                    "keyframe": false
                },
                {
                    "key": "stage",
                    "frame": "sun_puffle_0019",
                    "duration": 0,
                    "keyframe": false
                },
                {
                    "key": "stage",
                    "frame": "sun_puffle_0020",
                    "duration": 0,
                    "keyframe": false
                },
                {
                    "key": "stage",
                    "frame": "sun_puffle_0021",
                    "duration": 0,
                    "keyframe": false
                },
                {
                    "key": "stage",
                    "frame": "sun_puffle_0022",
                    "duration": 0,
                    "keyframe": false
                },
                {
                    "key": "stage",
                    "frame": "sun_puffle_0023",
                    "duration": 0,
                    "keyframe": false
                },
                {
                    "key": "stage",
                    "frame": "sun_puffle_0024",
                    "duration": 0,
                    "keyframe": false
                },
                {
                    "key": "stage",
                    "frame": "sun_puffle_0025",
                    "duration": 0,
                    "keyframe": false
                },
                {
                    "key": "stage",
                    "frame": "sun_puffle_0026",
                    "duration": 0,
                    "keyframe": false
                },
                {
                    "key": "stage",
                    "frame": "sun_puffle_0027",
                    "duration": 0,
                    "keyframe": false
                },
                {
                    "key": "stage",
                    "frame": "sun_puffle_0028",
                    "duration": 0,
                    "keyframe": false
                },
                {
                    "key": "stage",
                    "frame": "sun_puffle_0029",
                    "duration": 0,
                    "keyframe": false
                },
                {
                    "key": "stage",
                    "frame": "sun_puffle_0030",
                    "duration": 0,
                    "keyframe": false
                },
                {
                    "key": "stage",
                    "frame": "sun_puffle_0031",
                    "duration": 0,
                    "keyframe": false
                },
                {
                    "key": "stage",
                    "frame": "sun_puffle_0032",
                    "duration": 0,
                    "keyframe": false
                },
                {
                    "key": "stage",
                    "frame": "sun_puffle_0033",
                    "duration": 0,
                    "keyframe": false
                },
                {
                    "key": "stage",
                    "frame": "sun_puffle_0034",
                    "duration": 0,
                    "keyframe": false
                }
            ],
            "frameRate": 24,
            "skipMissedFrames": true,
            "showBeforeDelay": false
        },
        {
            "key": "puffleToSun",
            "type": "frame",
            "frames": [
                {
                    "key": "stage",
                    "frame": "sun_puffle_0035",
                    "duration": 0,
                    "keyframe": false
                },
                {
                    "key": "stage",
                    "frame": "sun_puffle_0036",
                    "duration": 0,
                    "keyframe": false
                },
                {
                    "key": "stage",
                    "frame": "sun_puffle_0037",
                    "duration": 0,
                    "keyframe": false
                },
                {
                    "key": "stage",
                    "frame": "sun_puffle_0038",
                    "duration": 0,
                    "keyframe": false
                },
                {
                    "key": "stage",
                    "frame": "sun_puffle_0039",
                    "duration": 0,
                    "keyframe": false
                },
                {
                    "key": "stage",
                    "frame": "sun_puffle_0040",
                    "duration": 0,
                    "keyframe": false
                },
                {
                    "key": "stage",
                    "frame": "sun_puffle_0041",
                    "duration": 0,
                    "keyframe": false
                },
                {
                    "key": "stage",
                    "frame": "sun_puffle_0042",
                    "duration": 0,
                    "keyframe": false
                },
                {
                    "key": "stage",
                    "frame": "sun_puffle_0043",
                    "duration": 0,
                    "keyframe": false
                },
                {
                    "key": "stage",
                    "frame": "sun_puffle_0044",
                    "duration": 0,
                    "keyframe": false
                },
                {
                    "key": "stage",
                    "frame": "sun_puffle_0045",
                    "duration": 0,
                    "keyframe": false
                },
                {
                    "key": "stage",
                    "frame": "sun_puffle_0046",
                    "duration": 0,
                    "keyframe": false
                },
                {
                    "key": "stage",
                    "frame": "sun_puffle_0047",
                    "duration": 0,
                    "keyframe": false
                },
                {
                    "key": "stage",
                    "frame": "sun_puffle_0048",
                    "duration": 0,
                    "keyframe": false
                },
                {
                    "key": "stage",
                    "frame": "sun_puffle_0050",
                    "duration": 0,
                    "keyframe": false
                },
                {
                    "key": "stage",
                    "frame": "sun_puffle_0051",
                    "duration": 0,
                    "keyframe": false
                },
                {
                    "key": "stage",
                    "frame": "sun_puffle_0052",
                    "duration": 0,
                    "keyframe": false
                },
                {
                    "key": "stage",
                    "frame": "sun_puffle_0053",
                    "duration": 0,
                    "keyframe": false
                },
                {
                    "key": "stage",
                    "frame": "sun_puffle_0054",
                    "duration": 0,
                    "keyframe": false
                },
                {
                    "key": "stage",
                    "frame": "sun_puffle_0055",
                    "duration": 0,
                    "keyframe": false
                },
                {
                    "key": "stage",
                    "frame": "sun_puffle_0056",
                    "duration": 0,
                    "keyframe": false
                },
                {
                    "key": "stage",
                    "frame": "sun_puffle_0057",
                    "duration": 0,
                    "keyframe": false
                },
                {
                    "key": "stage",
                    "frame": "sun_puffle_0058",
                    "duration": 0,
                    "keyframe": false
                },
                {
                    "key": "stage",
                    "frame": "sun_puffle_0059",
                    "duration": 0,
                    "keyframe": false
                },
                {
                    "key": "stage",
                    "frame": "sun_puffle_0060",
                    "duration": 0,
                    "keyframe": false
                },
                {
                    "key": "stage",
                    "frame": "sun_puffle_0061",
                    "duration": 0,
                    "keyframe": false
                },
                {
                    "key": "stage",
                    "frame": "sun_puffle_0062",
                    "duration": 0,
                    "keyframe": false
                },
                {
                    "key": "stage",
                    "frame": "sun_puffle_0063",
                    "duration": 0,
                    "keyframe": false
                },
                {
                    "key": "stage",
                    "frame": "sun_puffle_0064",
                    "duration": 0,
                    "keyframe": false
                },
                {
                    "key": "stage",
                    "frame": "sun_puffle_0065",
                    "duration": 0,
                    "keyframe": false
                },
                {
                    "key": "stage",
                    "frame": "sun_puffle_0066",
                    "duration": 0,
                    "keyframe": false
                },
                {
                    "key": "stage",
                    "frame": "sun_puffle_0067",
                    "duration": 0,
                    "keyframe": false
                },
                {
                    "key": "stage",
                    "frame": "sun_puffle_0068",
                    "duration": 0,
                    "keyframe": false
                }
            ],
            "frameRate": 24,
            "skipMissedFrames": true,
            "showBeforeDelay": false
        },
        {
            "key": "moonToPizza",
            "type": "frame",
            "frames": [
                {
                    "key": "stage",
                    "frame": "moon_pizza_0001",
                    "duration": 0,
                    "keyframe": false
                },
                {
                    "key": "stage",
                    "frame": "moon_pizza_0002",
                    "duration": 0,
                    "keyframe": false
                },
                {
                    "key": "stage",
                    "frame": "moon_pizza_0003",
                    "duration": 0,
                    "keyframe": false
                },
                {
                    "key": "stage",
                    "frame": "moon_pizza_0004",
                    "duration": 0,
                    "keyframe": false
                },
                {
                    "key": "stage",
                    "frame": "moon_pizza_0005",
                    "duration": 0,
                    "keyframe": false
                },
                {
                    "key": "stage",
                    "frame": "moon_pizza_0006",
                    "duration": 0,
                    "keyframe": false
                },
                {
                    "key": "stage",
                    "frame": "moon_pizza_0007",
                    "duration": 0,
                    "keyframe": false
                },
                {
                    "key": "stage",
                    "frame": "moon_pizza_0008",
                    "duration": 0,
                    "keyframe": false
                },
                {
                    "key": "stage",
                    "frame": "moon_pizza_0009",
                    "duration": 0,
                    "keyframe": false
                },
                {
                    "key": "stage",
                    "frame": "moon_pizza_0010",
                    "duration": 0,
                    "keyframe": false
                },
                {
                    "key": "stage",
                    "frame": "moon_pizza_0011",
                    "duration": 0,
                    "keyframe": false
                },
                {
                    "key": "stage",
                    "frame": "moon_pizza_0012",
                    "duration": 0,
                    "keyframe": false
                },
                {
                    "key": "stage",
                    "frame": "moon_pizza_0013",
                    "duration": 0,
                    "keyframe": false
                },
                {
                    "key": "stage",
                    "frame": "moon_pizza_0014",
                    "duration": 0,
                    "keyframe": false
                },
                {
                    "key": "stage",
                    "frame": "moon_pizza_0016",
                    "duration": 0,
                    "keyframe": false
                },
                {
                    "key": "stage",
                    "frame": "moon_pizza_0017",
                    "duration": 0,
                    "keyframe": false
                },
                {
                    "key": "stage",
                    "frame": "moon_pizza_0018",
                    "duration": 0,
                    "keyframe": false
                },
                {
                    "key": "stage",
                    "frame": "moon_pizza_0019",
                    "duration": 0,
                    "keyframe": false
                },
                {
                    "key": "stage",
                    "frame": "moon_pizza_0020",
                    "duration": 0,
                    "keyframe": false
                },
                {
                    "key": "stage",
                    "frame": "moon_pizza_0021",
                    "duration": 0,
                    "keyframe": false
                },
                {
                    "key": "stage",
                    "frame": "moon_pizza_0022",
                    "duration": 0,
                    "keyframe": false
                },
                {
                    "key": "stage",
                    "frame": "moon_pizza_0023",
                    "duration": 0,
                    "keyframe": false
                },
                {
                    "key": "stage",
                    "frame": "moon_pizza_0024",
                    "duration": 0,
                    "keyframe": false
                },
                {
                    "key": "stage",
                    "frame": "moon_pizza_0025",
                    "duration": 0,
                    "keyframe": false
                },
                {
                    "key": "stage",
                    "frame": "moon_pizza_0026",
                    "duration": 0,
                    "keyframe": false
                },
                {
                    "key": "stage",
                    "frame": "moon_pizza_0027",
                    "duration": 0,
                    "keyframe": false
                },
                {
                    "key": "stage",
                    "frame": "moon_pizza_0028",
                    "duration": 0,
                    "keyframe": false
                },
                {
                    "key": "stage",
                    "frame": "moon_pizza_0029",
                    "duration": 0,
                    "keyframe": false
                },
                {
                    "key": "stage",
                    "frame": "moon_pizza_0030",
                    "duration": 0,
                    "keyframe": false
                },
                {
                    "key": "stage",
                    "frame": "moon_pizza_0031",
                    "duration": 0,
                    "keyframe": false
                },
                {
                    "key": "stage",
                    "frame": "moon_pizza_0032",
                    "duration": 0,
                    "keyframe": false
                },
                {
                    "key": "stage",
                    "frame": "moon_pizza_0033",
                    "duration": 0,
                    "keyframe": false
                },
                {
                    "key": "stage",
                    "frame": "moon_pizza_0034",
                    "duration": 0,
                    "keyframe": false
                },
                {
                    "key": "stage",
                    "frame": "moon_pizza_0035",
                    "duration": 0,
                    "keyframe": false
                }
            ],
            "frameRate": 24,
            "skipMissedFrames": true,
            "showBeforeDelay": false
        },
        {
            "key": "pizzaToMoon",
            "type": "frame",
            "frames": [
                {
                    "key": "stage",
                    "frame": "moon_pizza_0036",
                    "duration": 0,
                    "keyframe": false
                },
                {
                    "key": "stage",
                    "frame": "moon_pizza_0037",
                    "duration": 0,
                    "keyframe": false
                },
                {
                    "key": "stage",
                    "frame": "moon_pizza_0038",
                    "duration": 0,
                    "keyframe": false
                },
                {
                    "key": "stage",
                    "frame": "moon_pizza_0039",
                    "duration": 0,
                    "keyframe": false
                },
                {
                    "key": "stage",
                    "frame": "moon_pizza_0040",
                    "duration": 0,
                    "keyframe": false
                },
                {
                    "key": "stage",
                    "frame": "moon_pizza_0041",
                    "duration": 0,
                    "keyframe": false
                },
                {
                    "key": "stage",
                    "frame": "moon_pizza_0042",
                    "duration": 0,
                    "keyframe": false
                },
                {
                    "key": "stage",
                    "frame": "moon_pizza_0043",
                    "duration": 0,
                    "keyframe": false
                },
                {
                    "key": "stage",
                    "frame": "moon_pizza_0044",
                    "duration": 0,
                    "keyframe": false
                },
                {
                    "key": "stage",
                    "frame": "moon_pizza_0045",
                    "duration": 0,
                    "keyframe": false
                },
                {
                    "key": "stage",
                    "frame": "moon_pizza_0046",
                    "duration": 0,
                    "keyframe": false
                },
                {
                    "key": "stage",
                    "frame": "moon_pizza_0047",
                    "duration": 0,
                    "keyframe": false
                },
                {
                    "key": "stage",
                    "frame": "moon_pizza_0048",
                    "duration": 0,
                    "keyframe": false
                },
                {
                    "key": "stage",
                    "frame": "moon_pizza_0049",
                    "duration": 0,
                    "keyframe": false
                },
                {
                    "key": "stage",
                    "frame": "moon_pizza_0051",
                    "duration": 0,
                    "keyframe": false
                },
                {
                    "key": "stage",
                    "frame": "moon_pizza_0052",
                    "duration": 0,
                    "keyframe": false
                },
                {
                    "key": "stage",
                    "frame": "moon_pizza_0053",
                    "duration": 0,
                    "keyframe": false
                },
                {
                    "key": "stage",
                    "frame": "moon_pizza_0054",
                    "duration": 0,
                    "keyframe": false
                },
                {
                    "key": "stage",
                    "frame": "moon_pizza_0055",
                    "duration": 0,
                    "keyframe": false
                },
                {
                    "key": "stage",
                    "frame": "moon_pizza_0056",
                    "duration": 0,
                    "keyframe": false
                },
                {
                    "key": "stage",
                    "frame": "moon_pizza_0057",
                    "duration": 0,
                    "keyframe": false
                },
                {
                    "key": "stage",
                    "frame": "moon_pizza_0058",
                    "duration": 0,
                    "keyframe": false
                },
                {
                    "key": "stage",
                    "frame": "moon_pizza_0059",
                    "duration": 0,
                    "keyframe": false
                },
                {
                    "key": "stage",
                    "frame": "moon_pizza_0060",
                    "duration": 0,
                    "keyframe": false
                },
                {
                    "key": "stage",
                    "frame": "moon_pizza_0061",
                    "duration": 0,
                    "keyframe": false
                },
                {
                    "key": "stage",
                    "frame": "moon_pizza_0062",
                    "duration": 0,
                    "keyframe": false
                },
                {
                    "key": "stage",
                    "frame": "moon_pizza_0063",
                    "duration": 0,
                    "keyframe": false
                },
                {
                    "key": "stage",
                    "frame": "moon_pizza_0064",
                    "duration": 0,
                    "keyframe": false
                },
                {
                    "key": "stage",
                    "frame": "moon_pizza_0065",
                    "duration": 0,
                    "keyframe": false
                },
                {
                    "key": "stage",
                    "frame": "moon_pizza_0066",
                    "duration": 0,
                    "keyframe": false
                },
                {
                    "key": "stage",
                    "frame": "moon_pizza_0067",
                    "duration": 0,
                    "keyframe": false
                },
                {
                    "key": "stage",
                    "frame": "moon_pizza_0068",
                    "duration": 0,
                    "keyframe": false
                },
                {
                    "key": "stage",
                    "frame": "moon_pizza_0069",
                    "duration": 0,
                    "keyframe": false
                },
                {
                    "key": "stage",
                    "frame": "moon_pizza_0070",
                    "duration": 0,
                    "keyframe": false
                }
            ],
            "frameRate": 24,
            "skipMissedFrames": true,
            "showBeforeDelay": false
        },
        {
            "key": "cloudToRaft",
            "type": "frame",
            "frames": [
                {
                    "key": "stage",
                    "frame": "cloud_raft_0001",
                    "duration": 0,
                    "keyframe": false
                },
                {
                    "key": "stage",
                    "frame": "cloud_raft_0002",
                    "duration": 0,
                    "keyframe": false
                },
                {
                    "key": "stage",
                    "frame": "cloud_raft_0003",
                    "duration": 0,
                    "keyframe": false
                },
                {
                    "key": "stage",
                    "frame": "cloud_raft_0004",
                    "duration": 0,
                    "keyframe": false
                },
                {
                    "key": "stage",
                    "frame": "cloud_raft_0005",
                    "duration": 0,
                    "keyframe": false
                },
                {
                    "key": "stage",
                    "frame": "cloud_raft_0006",
                    "duration": 0,
                    "keyframe": false
                },
                {
                    "key": "stage",
                    "frame": "cloud_raft_0007",
                    "duration": 0,
                    "keyframe": false
                },
                {
                    "key": "stage",
                    "frame": "cloud_raft_0008",
                    "duration": 0,
                    "keyframe": false
                },
                {
                    "key": "stage",
                    "frame": "cloud_raft_0009",
                    "duration": 0,
                    "keyframe": false
                },
                {
                    "key": "stage",
                    "frame": "cloud_raft_0010",
                    "duration": 0,
                    "keyframe": false
                },
                {
                    "key": "stage",
                    "frame": "cloud_raft_0011",
                    "duration": 0,
                    "keyframe": false
                },
                {
                    "key": "stage",
                    "frame": "cloud_raft_0012",
                    "duration": 0,
                    "keyframe": false
                },
                {
                    "key": "stage",
                    "frame": "cloud_raft_0013",
                    "duration": 0,
                    "keyframe": false
                },
                {
                    "key": "stage",
                    "frame": "cloud_raft_0015",
                    "duration": 0,
                    "keyframe": false
                },
                {
                    "key": "stage",
                    "frame": "cloud_raft_0016",
                    "duration": 0,
                    "keyframe": false
                },
                {
                    "key": "stage",
                    "frame": "cloud_raft_0017",
                    "duration": 0,
                    "keyframe": false
                },
                {
                    "key": "stage",
                    "frame": "cloud_raft_0018",
                    "duration": 0,
                    "keyframe": false
                },
                {
                    "key": "stage",
                    "frame": "cloud_raft_0019",
                    "duration": 0,
                    "keyframe": false
                },
                {
                    "key": "stage",
                    "frame": "cloud_raft_0020",
                    "duration": 0,
                    "keyframe": false
                },
                {
                    "key": "stage",
                    "frame": "cloud_raft_0021",
                    "duration": 0,
                    "keyframe": false
                },
                {
                    "key": "stage",
                    "frame": "cloud_raft_0022",
                    "duration": 0,
                    "keyframe": false
                },
                {
                    "key": "stage",
                    "frame": "cloud_raft_0023",
                    "duration": 0,
                    "keyframe": false
                },
                {
                    "key": "stage",
                    "frame": "cloud_raft_0024",
                    "duration": 0,
                    "keyframe": false
                },
                {
                    "key": "stage",
                    "frame": "cloud_raft_0025",
                    "duration": 0,
                    "keyframe": false
                },
                {
                    "key": "stage",
                    "frame": "cloud_raft_0026",
                    "duration": 0,
                    "keyframe": false
                },
                {
                    "key": "stage",
                    "frame": "cloud_raft_0027",
                    "duration": 0,
                    "keyframe": false
                },
                {
                    "key": "stage",
                    "frame": "cloud_raft_0028",
                    "duration": 0,
                    "keyframe": false
                },
                {
                    "key": "stage",
                    "frame": "cloud_raft_0029",
                    "duration": 0,
                    "keyframe": false
                },
                {
                    "key": "stage",
                    "frame": "cloud_raft_0030",
                    "duration": 0,
                    "keyframe": false
                },
                {
                    "key": "stage",
                    "frame": "cloud_raft_0031",
                    "duration": 0,
                    "keyframe": false
                },
                {
                    "key": "stage",
                    "frame": "cloud_raft_0032",
                    "duration": 0,
                    "keyframe": false
                },
                {
                    "key": "stage",
                    "frame": "cloud_raft_0033",
                    "duration": 0,
                    "keyframe": false
                }
            ],
            "frameRate": 24,
            "skipMissedFrames": true,
            "showBeforeDelay": false
        },
        {
            "key": "raftToCloud",
            "type": "frame",
            "frames": [
                {
                    "key": "stage",
                    "frame": "cloud_raft_0034",
                    "duration": 0,
                    "keyframe": false
                },
                {
                    "key": "stage",
                    "frame": "cloud_raft_0035",
                    "duration": 0,
                    "keyframe": false
                },
                {
                    "key": "stage",
                    "frame": "cloud_raft_0036",
                    "duration": 0,
                    "keyframe": false
                },
                {
                    "key": "stage",
                    "frame": "cloud_raft_0037",
                    "duration": 0,
                    "keyframe": false
                },
                {
                    "key": "stage",
                    "frame": "cloud_raft_0038",
                    "duration": 0,
                    "keyframe": false
                },
                {
                    "key": "stage",
                    "frame": "cloud_raft_0039",
                    "duration": 0,
                    "keyframe": false
                },
                {
                    "key": "stage",
                    "frame": "cloud_raft_0040",
                    "duration": 0,
                    "keyframe": false
                },
                {
                    "key": "stage",
                    "frame": "cloud_raft_0041",
                    "duration": 0,
                    "keyframe": false
                },
                {
                    "key": "stage",
                    "frame": "cloud_raft_0042",
                    "duration": 0,
                    "keyframe": false
                },
                {
                    "key": "stage",
                    "frame": "cloud_raft_0043",
                    "duration": 0,
                    "keyframe": false
                },
                {
                    "key": "stage",
                    "frame": "cloud_raft_0044",
                    "duration": 0,
                    "keyframe": false
                },
                {
                    "key": "stage",
                    "frame": "cloud_raft_0045",
                    "duration": 0,
                    "keyframe": false
                },
                {
                    "key": "stage",
                    "frame": "cloud_raft_0046",
                    "duration": 0,
                    "keyframe": false
                },
                {
                    "key": "stage",
                    "frame": "cloud_raft_0047",
                    "duration": 0,
                    "keyframe": false
                },
                {
                    "key": "stage",
                    "frame": "cloud_raft_0048",
                    "duration": 0,
                    "keyframe": false
                },
                {
                    "key": "stage",
                    "frame": "cloud_raft_0049",
                    "duration": 0,
                    "keyframe": false
                },
                {
                    "key": "stage",
                    "frame": "cloud_raft_0050",
                    "duration": 0,
                    "keyframe": false
                },
                {
                    "key": "stage",
                    "frame": "cloud_raft_0051",
                    "duration": 0,
                    "keyframe": false
                },
                {
                    "key": "stage",
                    "frame": "cloud_raft_0052",
                    "duration": 0,
                    "keyframe": false
                },
                {
                    "key": "stage",
                    "frame": "cloud_raft_0053",
                    "duration": 0,
                    "keyframe": false
                },
                {
                    "key": "stage",
                    "frame": "cloud_raft_0054",
                    "duration": 0,
                    "keyframe": false
                },
                {
                    "key": "stage",
                    "frame": "cloud_raft_0055",
                    "duration": 0,
                    "keyframe": false
                },
                {
                    "key": "stage",
                    "frame": "cloud_raft_0056",
                    "duration": 0,
                    "keyframe": false
                },
                {
                    "key": "stage",
                    "frame": "cloud_raft_0057",
                    "duration": 0,
                    "keyframe": false
                },
                {
                    "key": "stage",
                    "frame": "cloud_raft_0058",
                    "duration": 0,
                    "keyframe": false
                },
                {
                    "key": "stage",
                    "frame": "cloud_raft_0059",
                    "duration": 0,
                    "keyframe": false
                },
                {
                    "key": "stage",
                    "frame": "cloud_raft_0060",
                    "duration": 0,
                    "keyframe": false
                },
                {
                    "key": "stage",
                    "frame": "cloud_raft_0061",
                    "duration": 0,
                    "keyframe": false
                },
                {
                    "key": "stage",
                    "frame": "cloud_raft_0062",
                    "duration": 0,
                    "keyframe": false
                },
                {
                    "key": "stage",
                    "frame": "cloud_raft_0063",
                    "duration": 0,
                    "keyframe": false
                },
                {
                    "key": "stage",
                    "frame": "cloud_raft_0064",
                    "duration": 0,
                    "keyframe": false
                },
                {
                    "key": "stage",
                    "frame": "cloud_raft_0065",
                    "duration": 0,
                    "keyframe": false
                },
                {
                    "key": "stage",
                    "frame": "cloud_raft_0066",
                    "duration": 0,
                    "keyframe": false
                }
            ],
            "frameRate": 24,
            "skipMissedFrames": true,
            "showBeforeDelay": false
        },
        {
            "key": "cloudToFish",
            "type": "frame",
            "frames": [
                {
                    "key": "stage",
                    "frame": "cloud_fish_0001",
                    "duration": 0,
                    "keyframe": false
                },
                {
                    "key": "stage",
                    "frame": "cloud_fish_0002",
                    "duration": 0,
                    "keyframe": false
                },
                {
                    "key": "stage",
                    "frame": "cloud_fish_0003",
                    "duration": 0,
                    "keyframe": false
                },
                {
                    "key": "stage",
                    "frame": "cloud_fish_0004",
                    "duration": 0,
                    "keyframe": false
                },
                {
                    "key": "stage",
                    "frame": "cloud_fish_0005",
                    "duration": 0,
                    "keyframe": false
                },
                {
                    "key": "stage",
                    "frame": "cloud_fish_0006",
                    "duration": 0,
                    "keyframe": false
                },
                {
                    "key": "stage",
                    "frame": "cloud_fish_0007",
                    "duration": 0,
                    "keyframe": false
                },
                {
                    "key": "stage",
                    "frame": "cloud_fish_0008",
                    "duration": 0,
                    "keyframe": false
                },
                {
                    "key": "stage",
                    "frame": "cloud_fish_0009",
                    "duration": 0,
                    "keyframe": false
                },
                {
                    "key": "stage",
                    "frame": "cloud_fish_0010",
                    "duration": 0,
                    "keyframe": false
                },
                {
                    "key": "stage",
                    "frame": "cloud_fish_0011",
                    "duration": 0,
                    "keyframe": false
                },
                {
                    "key": "stage",
                    "frame": "cloud_fish_0012",
                    "duration": 0,
                    "keyframe": false
                },
                {
                    "key": "stage",
                    "frame": "cloud_fish_0013",
                    "duration": 0,
                    "keyframe": false
                },
                {
                    "key": "stage",
                    "frame": "cloud_fish_0014",
                    "duration": 0,
                    "keyframe": false
                },
                {
                    "key": "stage",
                    "frame": "cloud_fish_0016",
                    "duration": 0,
                    "keyframe": false
                },
                {
                    "key": "stage",
                    "frame": "cloud_fish_0017",
                    "duration": 0,
                    "keyframe": false
                },
                {
                    "key": "stage",
                    "frame": "cloud_fish_0018",
                    "duration": 0,
                    "keyframe": false
                },
                {
                    "key": "stage",
                    "frame": "cloud_fish_0019",
                    "duration": 0,
                    "keyframe": false
                },
                {
                    "key": "stage",
                    "frame": "cloud_fish_0020",
                    "duration": 0,
                    "keyframe": false
                },
                {
                    "key": "stage",
                    "frame": "cloud_fish_0021",
                    "duration": 0,
                    "keyframe": false
                },
                {
                    "key": "stage",
                    "frame": "cloud_fish_0022",
                    "duration": 0,
                    "keyframe": false
                },
                {
                    "key": "stage",
                    "frame": "cloud_fish_0023",
                    "duration": 0,
                    "keyframe": false
                },
                {
                    "key": "stage",
                    "frame": "cloud_fish_0024",
                    "duration": 0,
                    "keyframe": false
                },
                {
                    "key": "stage",
                    "frame": "cloud_fish_0025",
                    "duration": 0,
                    "keyframe": false
                },
                {
                    "key": "stage",
                    "frame": "cloud_fish_0026",
                    "duration": 0,
                    "keyframe": false
                },
                {
                    "key": "stage",
                    "frame": "cloud_fish_0027",
                    "duration": 0,
                    "keyframe": false
                },
                {
                    "key": "stage",
                    "frame": "cloud_fish_0028",
                    "duration": 0,
                    "keyframe": false
                },
                {
                    "key": "stage",
                    "frame": "cloud_fish_0029",
                    "duration": 0,
                    "keyframe": false
                },
                {
                    "key": "stage",
                    "frame": "cloud_fish_0030",
                    "duration": 0,
                    "keyframe": false
                },
                {
                    "key": "stage",
                    "frame": "cloud_fish_0031",
                    "duration": 0,
                    "keyframe": false
                },
                {
                    "key": "stage",
                    "frame": "cloud_fish_0032",
                    "duration": 0,
                    "keyframe": false
                },
                {
                    "key": "stage",
                    "frame": "cloud_fish_0033",
                    "duration": 0,
                    "keyframe": false
                },
                {
                    "key": "stage",
                    "frame": "cloud_fish_0034",
                    "duration": 0,
                    "keyframe": false
                },
                {
                    "key": "stage",
                    "frame": "cloud_fish_0035",
                    "duration": 0,
                    "keyframe": false
                }
            ],
            "frameRate": 24,
            "skipMissedFrames": true,
            "showBeforeDelay": false
        },
        {
            "key": "fishToCloud",
            "type": "frame",
            "frames": [
                {
                    "key": "stage",
                    "frame": "cloud_fish_0036",
                    "duration": 0,
                    "keyframe": false
                },
                {
                    "key": "stage",
                    "frame": "cloud_fish_0037",
                    "duration": 0,
                    "keyframe": false
                },
                {
                    "key": "stage",
                    "frame": "cloud_fish_0038",
                    "duration": 0,
                    "keyframe": false
                },
                {
                    "key": "stage",
                    "frame": "cloud_fish_0039",
                    "duration": 0,
                    "keyframe": false
                },
                {
                    "key": "stage",
                    "frame": "cloud_fish_0040",
                    "duration": 0,
                    "keyframe": false
                },
                {
                    "key": "stage",
                    "frame": "cloud_fish_0041",
                    "duration": 0,
                    "keyframe": false
                },
                {
                    "key": "stage",
                    "frame": "cloud_fish_0042",
                    "duration": 0,
                    "keyframe": false
                },
                {
                    "key": "stage",
                    "frame": "cloud_fish_0043",
                    "duration": 0,
                    "keyframe": false
                },
                {
                    "key": "stage",
                    "frame": "cloud_fish_0044",
                    "duration": 0,
                    "keyframe": false
                },
                {
                    "key": "stage",
                    "frame": "cloud_fish_0045",
                    "duration": 0,
                    "keyframe": false
                },
                {
                    "key": "stage",
                    "frame": "cloud_fish_0046",
                    "duration": 0,
                    "keyframe": false
                },
                {
                    "key": "stage",
                    "frame": "cloud_fish_0047",
                    "duration": 0,
                    "keyframe": false
                },
                {
                    "key": "stage",
                    "frame": "cloud_fish_0048",
                    "duration": 0,
                    "keyframe": false
                },
                {
                    "key": "stage",
                    "frame": "cloud_fish_0049",
                    "duration": 0,
                    "keyframe": false
                },
                {
                    "key": "stage",
                    "frame": "cloud_fish_0051",
                    "duration": 0,
                    "keyframe": false
                },
                {
                    "key": "stage",
                    "frame": "cloud_fish_0052",
                    "duration": 0,
                    "keyframe": false
                },
                {
                    "key": "stage",
                    "frame": "cloud_fish_0053",
                    "duration": 0,
                    "keyframe": false
                },
                {
                    "key": "stage",
                    "frame": "cloud_fish_0054",
                    "duration": 0,
                    "keyframe": false
                },
                {
                    "key": "stage",
                    "frame": "cloud_fish_0055",
                    "duration": 0,
                    "keyframe": false
                },
                {
                    "key": "stage",
                    "frame": "cloud_fish_0056",
                    "duration": 0,
                    "keyframe": false
                },
                {
                    "key": "stage",
                    "frame": "cloud_fish_0057",
                    "duration": 0,
                    "keyframe": false
                },
                {
                    "key": "stage",
                    "frame": "cloud_fish_0058",
                    "duration": 0,
                    "keyframe": false
                },
                {
                    "key": "stage",
                    "frame": "cloud_fish_0059",
                    "duration": 0,
                    "keyframe": false
                },
                {
                    "key": "stage",
                    "frame": "cloud_fish_0060",
                    "duration": 0,
                    "keyframe": false
                },
                {
                    "key": "stage",
                    "frame": "cloud_fish_0061",
                    "duration": 0,
                    "keyframe": false
                },
                {
                    "key": "stage",
                    "frame": "cloud_fish_0062",
                    "duration": 0,
                    "keyframe": false
                },
                {
                    "key": "stage",
                    "frame": "cloud_fish_0063",
                    "duration": 0,
                    "keyframe": false
                },
                {
                    "key": "stage",
                    "frame": "cloud_fish_0064",
                    "duration": 0,
                    "keyframe": false
                },
                {
                    "key": "stage",
                    "frame": "cloud_fish_0065",
                    "duration": 0,
                    "keyframe": false
                },
                {
                    "key": "stage",
                    "frame": "cloud_fish_0066",
                    "duration": 0,
                    "keyframe": false
                },
                {
                    "key": "stage",
                    "frame": "cloud_fish_0067",
                    "duration": 0,
                    "keyframe": false
                },
                {
                    "key": "stage",
                    "frame": "cloud_fish_0068",
                    "duration": 0,
                    "keyframe": false
                },
                {
                    "key": "stage",
                    "frame": "cloud_fish_0069",
                    "duration": 0,
                    "keyframe": false
                },
                {
                    "key": "stage",
                    "frame": "cloud_fish_0070",
                    "duration": 0,
                    "keyframe": false
                }
            ],
            "frameRate": 24,
            "skipMissedFrames": true,
            "showBeforeDelay": false
        },
        {
            "key": "cloudToBeans",
            "type": "frame",
            "frames": [
                {
                    "key": "stage",
                    "frame": "cloud_beans_0001",
                    "duration": 0,
                    "keyframe": false
                },
                {
                    "key": "stage",
                    "frame": "cloud_beans_0002",
                    "duration": 0,
                    "keyframe": false
                },
                {
                    "key": "stage",
                    "frame": "cloud_beans_0003",
                    "duration": 0,
                    "keyframe": false
                },
                {
                    "key": "stage",
                    "frame": "cloud_beans_0004",
                    "duration": 0,
                    "keyframe": false
                },
                {
                    "key": "stage",
                    "frame": "cloud_beans_0005",
                    "duration": 0,
                    "keyframe": false
                },
                {
                    "key": "stage",
                    "frame": "cloud_beans_0006",
                    "duration": 0,
                    "keyframe": false
                },
                {
                    "key": "stage",
                    "frame": "cloud_beans_0007",
                    "duration": 0,
                    "keyframe": false
                },
                {
                    "key": "stage",
                    "frame": "cloud_beans_0008",
                    "duration": 0,
                    "keyframe": false
                },
                {
                    "key": "stage",
                    "frame": "cloud_beans_0009",
                    "duration": 0,
                    "keyframe": false
                },
                {
                    "key": "stage",
                    "frame": "cloud_beans_0010",
                    "duration": 0,
                    "keyframe": false
                },
                {
                    "key": "stage",
                    "frame": "cloud_beans_0011",
                    "duration": 0,
                    "keyframe": false
                },
                {
                    "key": "stage",
                    "frame": "cloud_beans_0012",
                    "duration": 0,
                    "keyframe": false
                },
                {
                    "key": "stage",
                    "frame": "cloud_beans_0013",
                    "duration": 0,
                    "keyframe": false
                },
                {
                    "key": "stage",
                    "frame": "cloud_beans_0014",
                    "duration": 0,
                    "keyframe": false
                },
                {
                    "key": "stage",
                    "frame": "cloud_beans_0016",
                    "duration": 0,
                    "keyframe": false
                },
                {
                    "key": "stage",
                    "frame": "cloud_beans_0017",
                    "duration": 0,
                    "keyframe": false
                },
                {
                    "key": "stage",
                    "frame": "cloud_beans_0018",
                    "duration": 0,
                    "keyframe": false
                },
                {
                    "key": "stage",
                    "frame": "cloud_beans_0019",
                    "duration": 0,
                    "keyframe": false
                },
                {
                    "key": "stage",
                    "frame": "cloud_beans_0020",
                    "duration": 0,
                    "keyframe": false
                },
                {
                    "key": "stage",
                    "frame": "cloud_beans_0021",
                    "duration": 0,
                    "keyframe": false
                },
                {
                    "key": "stage",
                    "frame": "cloud_beans_0022",
                    "duration": 0,
                    "keyframe": false
                },
                {
                    "key": "stage",
                    "frame": "cloud_beans_0023",
                    "duration": 0,
                    "keyframe": false
                },
                {
                    "key": "stage",
                    "frame": "cloud_beans_0024",
                    "duration": 0,
                    "keyframe": false
                },
                {
                    "key": "stage",
                    "frame": "cloud_beans_0025",
                    "duration": 0,
                    "keyframe": false
                },
                {
                    "key": "stage",
                    "frame": "cloud_beans_0026",
                    "duration": 0,
                    "keyframe": false
                },
                {
                    "key": "stage",
                    "frame": "cloud_beans_0027",
                    "duration": 0,
                    "keyframe": false
                },
                {
                    "key": "stage",
                    "frame": "cloud_beans_0028",
                    "duration": 0,
                    "keyframe": false
                },
                {
                    "key": "stage",
                    "frame": "cloud_beans_0029",
                    "duration": 0,
                    "keyframe": false
                },
                {
                    "key": "stage",
                    "frame": "cloud_beans_0030",
                    "duration": 0,
                    "keyframe": false
                },
                {
                    "key": "stage",
                    "frame": "cloud_beans_0031",
                    "duration": 0,
                    "keyframe": false
                },
                {
                    "key": "stage",
                    "frame": "cloud_beans_0032",
                    "duration": 0,
                    "keyframe": false
                },
                {
                    "key": "stage",
                    "frame": "cloud_beans_0033",
                    "duration": 0,
                    "keyframe": false
                },
                {
                    "key": "stage",
                    "frame": "cloud_beans_0034",
                    "duration": 0,
                    "keyframe": false
                }
            ],
            "frameRate": 24,
            "skipMissedFrames": true,
            "showBeforeDelay": false
        },
        {
            "key": "beansToCloud",
            "type": "frame",
            "frames": [
                {
                    "key": "stage",
                    "frame": "cloud_beans_0035",
                    "duration": 0,
                    "keyframe": false
                },
                {
                    "key": "stage",
                    "frame": "cloud_beans_0036",
                    "duration": 0,
                    "keyframe": false
                },
                {
                    "key": "stage",
                    "frame": "cloud_beans_0037",
                    "duration": 0,
                    "keyframe": false
                },
                {
                    "key": "stage",
                    "frame": "cloud_beans_0038",
                    "duration": 0,
                    "keyframe": false
                },
                {
                    "key": "stage",
                    "frame": "cloud_beans_0039",
                    "duration": 0,
                    "keyframe": false
                },
                {
                    "key": "stage",
                    "frame": "cloud_beans_0040",
                    "duration": 0,
                    "keyframe": false
                },
                {
                    "key": "stage",
                    "frame": "cloud_beans_0041",
                    "duration": 0,
                    "keyframe": false
                },
                {
                    "key": "stage",
                    "frame": "cloud_beans_0042",
                    "duration": 0,
                    "keyframe": false
                },
                {
                    "key": "stage",
                    "frame": "cloud_beans_0043",
                    "duration": 0,
                    "keyframe": false
                },
                {
                    "key": "stage",
                    "frame": "cloud_beans_0044",
                    "duration": 0,
                    "keyframe": false
                },
                {
                    "key": "stage",
                    "frame": "cloud_beans_0045",
                    "duration": 0,
                    "keyframe": false
                },
                {
                    "key": "stage",
                    "frame": "cloud_beans_0046",
                    "duration": 0,
                    "keyframe": false
                },
                {
                    "key": "stage",
                    "frame": "cloud_beans_0047",
                    "duration": 0,
                    "keyframe": false
                },
                {
                    "key": "stage",
                    "frame": "cloud_beans_0048",
                    "duration": 0,
                    "keyframe": false
                },
                {
                    "key": "stage",
                    "frame": "cloud_beans_0049",
                    "duration": 0,
                    "keyframe": false
                },
                {
                    "key": "stage",
                    "frame": "cloud_beans_0051",
                    "duration": 0,
                    "keyframe": false
                },
                {
                    "key": "stage",
                    "frame": "cloud_beans_0052",
                    "duration": 0,
                    "keyframe": false
                },
                {
                    "key": "stage",
                    "frame": "cloud_beans_0053",
                    "duration": 0,
                    "keyframe": false
                },
                {
                    "key": "stage",
                    "frame": "cloud_beans_0054",
                    "duration": 0,
                    "keyframe": false
                },
                {
                    "key": "stage",
                    "frame": "cloud_beans_0055",
                    "duration": 0,
                    "keyframe": false
                },
                {
                    "key": "stage",
                    "frame": "cloud_beans_0056",
                    "duration": 0,
                    "keyframe": false
                },
                {
                    "key": "stage",
                    "frame": "cloud_beans_0057",
                    "duration": 0,
                    "keyframe": false
                },
                {
                    "key": "stage",
                    "frame": "cloud_beans_0058",
                    "duration": 0,
                    "keyframe": false
                },
                {
                    "key": "stage",
                    "frame": "cloud_beans_0059",
                    "duration": 0,
                    "keyframe": false
                },
                {
                    "key": "stage",
                    "frame": "cloud_beans_0060",
                    "duration": 0,
                    "keyframe": false
                },
                {
                    "key": "stage",
                    "frame": "cloud_beans_0061",
                    "duration": 0,
                    "keyframe": false
                },
                {
                    "key": "stage",
                    "frame": "cloud_beans_0062",
                    "duration": 0,
                    "keyframe": false
                },
                {
                    "key": "stage",
                    "frame": "cloud_beans_0063",
                    "duration": 0,
                    "keyframe": false
                },
                {
                    "key": "stage",
                    "frame": "cloud_beans_0064",
                    "duration": 0,
                    "keyframe": false
                },
                {
                    "key": "stage",
                    "frame": "cloud_beans_0065",
                    "duration": 0,
                    "keyframe": false
                },
                {
                    "key": "stage",
                    "frame": "cloud_beans_0066",
                    "duration": 0,
                    "keyframe": false
                },
                {
                    "key": "stage",
                    "frame": "cloud_beans_0067",
                    "duration": 0,
                    "keyframe": false
                },
                {
                    "key": "stage",
                    "frame": "cloud_beans_0068",
                    "duration": 0,
                    "keyframe": false
                }
            ],
            "frameRate": 24,
            "skipMissedFrames": true,
            "showBeforeDelay": false
        },
        {
            "key": "waveToShark1",
            "type": "frame",
            "frames": [
                {
                    "key": "stage",
                    "frame": "wave_shark_1_0001",
                    "duration": 0,
                    "keyframe": false
                },
                {
                    "key": "stage",
                    "frame": "wave_shark_1_0002",
                    "duration": 0,
                    "keyframe": false
                }
            ],
            "frameRate": 24,
            "skipMissedFrames": true,
            "showBeforeDelay": false
        },
        {
            "key": "sharkToWave1",
            "type": "frame",
            "frames": [
                {
                    "key": "stage",
                    "frame": "wave_shark_1_0002",
                    "duration": 0,
                    "keyframe": false
                },
                {
                    "key": "stage",
                    "frame": "wave_shark_1_0001",
                    "duration": 0,
                    "keyframe": false
                }
            ],
            "frameRate": 24,
            "skipMissedFrames": true,
            "showBeforeDelay": false
        },
        {
            "key": "waveToShark2",
            "type": "frame",
            "frames": [
                {
                    "key": "stage",
                    "frame": "wave_shark_2_0001",
                    "duration": 0,
                    "keyframe": false
                },
                {
                    "key": "stage",
                    "frame": "wave_shark_2_0002",
                    "duration": 0,
                    "keyframe": false
                }
            ],
            "frameRate": 24,
            "skipMissedFrames": true,
            "showBeforeDelay": false
        },
        {
            "key": "sharkToWave2",
            "type": "frame",
            "frames": [
                {
                    "key": "stage",
                    "frame": "wave_shark_2_0002",
                    "duration": 0,
                    "keyframe": false
                },
                {
                    "key": "stage",
                    "frame": "wave_shark_2_0001",
                    "duration": 0,
                    "keyframe": false
                }
            ],
            "frameRate": 24,
            "skipMissedFrames": true,
            "showBeforeDelay": false
        },
        {
            "key": "costumes_open",
            "type": "frame",
            "frames": [
                {
                    "key": "stage",
                    "frame": "costumes_0001",
                    "duration": 0,
                    "keyframe": false
                },
                {
                    "key": "stage",
                    "frame": "costumes_0002",
                    "duration": 0,
                    "keyframe": false
                },
                {
                    "key": "stage",
                    "frame": "costumes_0003",
                    "duration": 0,
                    "keyframe": false
                },
                {
                    "key": "stage",
                    "frame": "costumes_0004",
                    "duration": 0,
                    "keyframe": false
                },
                {
                    "key": "stage",
                    "frame": "costumes_0005",
                    "duration": 0,
                    "keyframe": false
                },
                {
                    "key": "stage",
                    "frame": "costumes_0006",
                    "duration": 0,
                    "keyframe": false
                },
                {
                    "key": "stage",
                    "frame": "costumes_0007",
                    "duration": 0,
                    "keyframe": false
                },
                {
                    "key": "stage",
                    "frame": "costumes_0008",
                    "duration": 0,
                    "keyframe": false
                },
                {
                    "key": "stage",
                    "frame": "costumes_0009",
                    "duration": 0,
                    "keyframe": false
                },
                {
                    "key": "stage",
                    "frame": "costumes_0010",
                    "duration": 0,
                    "keyframe": false
                },
                {
                    "key": "stage",
                    "frame": "costumes_0011",
                    "duration": 0,
                    "keyframe": false
                },
                {
                    "key": "stage",
                    "frame": "costumes_0012",
                    "duration": 0,
                    "keyframe": false
                },
                {
                    "key": "stage",
                    "frame": "costumes_0013",
                    "duration": 0,
                    "keyframe": false
                },
                {
                    "key": "stage",
                    "frame": "costumes_0014",
                    "duration": 0,
                    "keyframe": false
                },
                {
                    "key": "stage",
                    "frame": "costumes_0015",
                    "duration": 0,
                    "keyframe": false
                },
                {
                    "key": "stage",
                    "frame": "costumes_0016",
                    "duration": 0,
                    "keyframe": false
                }
            ],
            "frameRate": 24,
            "skipMissedFrames": true,
            "showBeforeDelay": false
        },
        {
            "key": "costumes_close",
            "type": "frame",
            "frames": [
                {
                    "key": "stage",
                    "frame": "costumes_0017",
                    "duration": 0,
                    "keyframe": false
                },
                {
                    "key": "stage",
                    "frame": "costumes_0018",
                    "duration": 0,
                    "keyframe": false
                },
                {
                    "key": "stage",
                    "frame": "costumes_0019",
                    "duration": 0,
                    "keyframe": false
                },
                {
                    "key": "stage",
                    "frame": "costumes_0020",
                    "duration": 0,
                    "keyframe": false
                },
                {
                    "key": "stage",
                    "frame": "costumes_0021",
                    "duration": 0,
                    "keyframe": false
                },
                {
                    "key": "stage",
                    "frame": "costumes_0022",
                    "duration": 0,
                    "keyframe": false
                },
                {
                    "key": "stage",
                    "frame": "costumes_0023",
                    "duration": 0,
                    "keyframe": false
                },
                {
                    "key": "stage",
                    "frame": "costumes_0024",
                    "duration": 0,
                    "keyframe": false
                },
                {
                    "key": "stage",
                    "frame": "costumes_0025",
                    "duration": 0,
                    "keyframe": false
                },
                {
                    "key": "stage",
                    "frame": "costumes_0026",
                    "duration": 0,
                    "keyframe": false
                },
                {
                    "key": "stage",
                    "frame": "costumes_0027",
                    "duration": 0,
                    "keyframe": false
                },
                {
                    "key": "stage",
                    "frame": "costumes_0028",
                    "duration": 0,
                    "keyframe": false
                },
                {
                    "key": "stage",
                    "frame": "costumes_0029",
                    "duration": 0,
                    "keyframe": false
                },
                {
                    "key": "stage",
                    "frame": "costumes_0030",
                    "duration": 0,
                    "keyframe": false
                },
                {
                    "key": "stage",
                    "frame": "costumes_0031",
                    "duration": 0,
                    "keyframe": false
                },
                {
                    "key": "stage",
                    "frame": "costumes_0032",
                    "duration": 0,
                    "keyframe": false
                }
            ],
            "frameRate": 24,
            "skipMissedFrames": true,
            "showBeforeDelay": false
        }
    ],
    "globalTimeScale": 1,
    "meta": {
        "app": "Phaser Editor 2D v3",
        "contentType": "Phaser v3 Animations"
    },
    "settings": {
        "sourceLang": "JAVA_SCRIPT",
        "esModule": false,
        "generateCode": false
    }
}