{
	"textures": [
		{
			"image": "costume.webp",
			"format": "RGBA8888",
			"size": {
				"w": 1328,
				"h": 1648
			},
			"scale": 1,
			"frames": [
				{
					"filename": "jester",
					"rotated": false,
					"trimmed": true,
					"sourceSize": {
						"w": 625,
						"h": 853
					},
					"spriteSourceSize": {
						"x": 0,
						"y": 0,
						"w": 624,
						"h": 853
					},
					"frame": {
						"x": 1,
						"y": 1,
						"w": 624,
						"h": 853
					}
				},
				{
					"filename": "border",
					"rotated": false,
					"trimmed": false,
					"sourceSize": {
						"w": 577,
						"h": 791
					},
					"spriteSourceSize": {
						"x": 0,
						"y": 0,
						"w": 577,
						"h": 791
					},
					"frame": {
						"x": 1,
						"y": 856,
						"w": 577,
						"h": 791
					}
				},
				{
					"filename": "shadow",
					"rotated": false,
					"trimmed": true,
					"sourceSize": {
						"w": 573,
						"h": 787
					},
					"spriteSourceSize": {
						"x": 0,
						"y": 0,
						"w": 116,
						"h": 787
					},
					"frame": {
						"x": 580,
						"y": 856,
						"w": 116,
						"h": 787
					}
				},
				{
					"filename": "cover",
					"rotated": false,
					"trimmed": false,
					"sourceSize": {
						"w": 588,
						"h": 797
					},
					"spriteSourceSize": {
						"x": 0,
						"y": 0,
						"w": 588,
						"h": 797
					},
					"frame": {
						"x": 627,
						"y": 1,
						"w": 588,
						"h": 797
					}
				},
				{
					"filename": "bg",
					"rotated": false,
					"trimmed": false,
					"sourceSize": {
						"w": 584,
						"h": 797
					},
					"spriteSourceSize": {
						"x": 0,
						"y": 0,
						"w": 584,
						"h": 797
					},
					"frame": {
						"x": 698,
						"y": 800,
						"w": 584,
						"h": 797
					}
				},
				{
					"filename": "close_active",
					"rotated": false,
					"trimmed": true,
					"sourceSize": {
						"w": 129,
						"h": 223
					},
					"spriteSourceSize": {
						"x": 19,
						"y": 0,
						"w": 110,
						"h": 223
					},
					"frame": {
						"x": 1217,
						"y": 1,
						"w": 110,
						"h": 223
					}
				},
				{
					"filename": "close_hover",
					"rotated": false,
					"trimmed": true,
					"sourceSize": {
						"w": 129,
						"h": 223
					},
					"spriteSourceSize": {
						"x": 19,
						"y": 0,
						"w": 110,
						"h": 223
					},
					"frame": {
						"x": 1217,
						"y": 226,
						"w": 110,
						"h": 223
					}
				},
				{
					"filename": "close",
					"rotated": false,
					"trimmed": true,
					"sourceSize": {
						"w": 129,
						"h": 223
					},
					"spriteSourceSize": {
						"x": 82,
						"y": 0,
						"w": 47,
						"h": 141
					},
					"frame": {
						"x": 1217,
						"y": 451,
						"w": 47,
						"h": 141
					}
				}
			]
		}
	],
	"meta": {
		"app": "https://www.codeandweb.com/texturepacker",
		"version": "3.0",
		"smartupdate": "$TexturePacker:SmartUpdate:39c28b4a42eab95cde9c8a4de68791df:82eb5a6b01c98f431a77ec656499080a:1ee4784eb00a5051e1466c172bcf7ec1$"
	}
}
