{
    "section1": {
        "files": [
            {
                "type": "multiatlas",
                "url": "assets/media/interface/catalogs/costume/costume.json",
                "path": "assets/media/interface/catalogs/costume",
                "key": "costume"
            }
        ]
    },
    "meta": {
        "app": "Phaser Editor 2D - Asset Pack Editor",
        "contentType": "phasereditor2d.pack.core.AssetContentType",
        "url": "https://phasereditor2d.com",
        "version": 2,
        "showAllFilesInBlocks": false
    }
}